{
  "formatVersion": 1,
  "database": {
    "version": 7,
    "identityHash": "9e5ec3c539051910a7370efbe7423f7a",
    "entities": [
      {
        "tableName": "user_database",
        "createSql": "CREATE TABLE IF NOT EXISTS `${TABLE_NAME}` (`id` INTEGER PRIMARY KEY AUTOINCREMENT, `full_name` TEXT, `notional_id` TEXT, `phone_number` TEXT, `email` TEXT NOT NULL, `date_birth_day` TEXT, `password` TEXT)",
        "fields": [
          {
            "fieldPath": "id",
            "columnName": "id",
            "affinity": "INTEGER",
            "notNull": false
          },
          {
            "fieldPath": "fullName",
            "columnName": "full_name",
            "affinity": "TEXT",
            "notNull": false
          },
          {
            "fieldPath": "notionalID",
            "columnName": "notional_id",
            "affinity": "TEXT",
            "notNull": false
          },
          {
            "fieldPath": "phoneNumber",
            "columnName": "phone_number",
            "affinity": "TEXT",
            "notNull": false
          },
          {
            "fieldPath": "email",
            "columnName": "email",
            "affinity": "TEXT",
            "notNull": true
          },
          {
            "fieldPath": "dateBirthDay",
            "columnName": "date_birth_day",
            "affinity": "TEXT",
            "notNull": false
          },
          {
            "fieldPath": "password",
            "columnName": "password",
            "affinity": "TEXT",
            "notNull": false
          }
        ],
        "primaryKey": {
          "columnNames": [
            "id"
          ],
          "autoGenerate": true
        },
        "indices": [],
        "foreignKeys": []
      }
    ],
    "views": [],
    "setupQueries": [
      "CREATE TABLE IF NOT EXISTS room_master_table (id INTEGER PRIMARY KEY,identity_hash TEXT)",
      "INSERT OR REPLACE INTO room_master_table (id,identity_hash) VALUES(42, '9e5ec3c539051910a7370efbe7423f7a')"
    ]
  }
}